COMMIT;

---Horario 1 : todo el dia de 8am a 8 pm----
insert into HORARIO (id, FECHAINICIO, FECHAFIN) values 
(1,TO_DATE('0001-01-1 8:00:00', 'YYYY-MM-DD HH24:MI:SS'), TO_DATE('0001-01-01 20:00:00', 'YYYY-MM-DD HH24:MI:SS'));

---Horario 2 : mañana de 8am a 12 pm----
insert into HORARIO (id, FECHAINICIO, FECHAFIN)  values 
(2,TO_DATE('0001-01-1 8:00:00', 'YYYY-MM-DD HH24:MI:SS'), TO_DATE('0001-01-01 12:00:00', 'YYYY-MM-DD HH24:MI:SS'));

---Horario 3 : tarde de 2am a 8 pm----
insert into HORARIO (id, FECHAINICIO, FECHAFIN)  values 
(3,TO_DATE('0001-01-1 14:00:00', 'YYYY-MM-DD HH24:MI:SS'), TO_DATE('0001-01-01 20:00:00', 'YYYY-MM-DD HH24:MI:SS'));

---Horario 4 : TODO EL DIA ----
insert into HORARIO (id, FECHAINICIO, FECHAFIN)  values 
(4,TO_DATE('0001-01-1 0:00:00', 'YYYY-MM-DD HH24:MI:SS'), TO_DATE('0001-01-01 23:59:59', 'YYYY-MM-DD HH24:MI:SS'));


--Pisicina--
insert into SERVICIO (id, IDHORARIO) values (1, 1);
insert into SERVICIOBASICO (id, COSTO, CAPACIDAD, NOMBRE) values (1, 100, 50, 'PISCINA');
insert into CAMPOEXTRA (id, NOMBRE, VALOR, IDSERVICIOBASICO) values (1, 'PROFUNDIDAD', 1, 1);

--Pisicina2--
insert into SERVICIO (id, IDHORARIO) values (2, 1);
insert into SERVICIOBASICO (id, COSTO, CAPACIDAD, NOMBRE) values (2, 0, 100, 'PISCINA_GRATIS');
insert into CAMPOEXTRA (id, NOMBRE, VALOR, IDSERVICIOBASICO) values (2, 'PROFUNDIDAD', 2, 2);

--Gimnasio--
insert into SERVICIO (id, IDHORARIO) values (3, 2);
insert into SERVICIOBASICO (id, COSTO, CAPACIDAD, NOMBRE) values (3, 0, 50, 'GIMINASIO');

--INTERNET--
insert into SERVICIO (id, IDHORARIO) values (4, 4);
insert into SERVICIOBASICO (id, COSTO, CAPACIDAD, NOMBRE) values (4, 10, 50, 'INTERNET');

--BAR--
insert into SERVICIO (id, IDHORARIO) values (5, 1);
insert into VENTAPRODUCTO (id, TIPO, ESTILO, CAPACIDAD) values (5, 'BAR', 'Moderno', 100);
--BAR: MENU--
insert into PRODUCTO (id, NOMBRE, VALOR, CANTIDAD, DURACION,CATEGORIA,IDVENTAPRODUCTO) values (1, 'Margarita',10,1,0,'',5);
insert into PRODUCTO (id, NOMBRE, VALOR, CANTIDAD, DURACION,CATEGORIA,IDVENTAPRODUCTO) values (2, 'Coca-cola',5,1,0,'',5);
insert into PRODUCTO (id, NOMBRE, VALOR, CANTIDAD, DURACION,CATEGORIA,IDVENTAPRODUCTO) values (3, 'Agua',2,1,0,'',5);

--RESTAURANTE--
insert into SERVICIO (id, IDHORARIO) values (6, 1);
insert into VENTAPRODUCTO (id, TIPO, ESTILO, CAPACIDAD) values (6, 'RESTAURANTE', 'Italiano', 100);
--RESTAURANTE: MENU--
insert into PRODUCTO (id, NOMBRE, VALOR, CANTIDAD, DURACION,CATEGORIA,IDVENTAPRODUCTO) values (4, 'Pasta',30,1,0,'',6);
insert into PRODUCTO (id, NOMBRE, VALOR, CANTIDAD, DURACION,CATEGORIA,IDVENTAPRODUCTO) values (5, 'Lasagna',40,1,0,'',6);
insert into PRODUCTO (id, NOMBRE, VALOR, CANTIDAD, DURACION,CATEGORIA,IDVENTAPRODUCTO) values (6, 'Risoto',45,1,0,'',6);

--SPA--
insert into SERVICIO (id, IDHORARIO) values (7, 1);
insert into VENTAPRODUCTO (id, TIPO, ESTILO, CAPACIDAD) values (7, 'SPA', 'Relajante', 100);
--SPA: MENU--
insert into PRODUCTO (id, NOMBRE, VALOR, CANTIDAD, DURACION,CATEGORIA,IDVENTAPRODUCTO) values (7, 'Masaje1',30,1,0.1,'',7);
insert into PRODUCTO (id, NOMBRE, VALOR, CANTIDAD, DURACION,CATEGORIA,IDVENTAPRODUCTO) values (8, 'Masaje2',40,1,0.5,'',7);
insert into PRODUCTO (id, NOMBRE, VALOR, CANTIDAD, DURACION,CATEGORIA,IDVENTAPRODUCTO) values (9, 'Masaje3',45,1,1,'',7);

--SUPERMERCADO--
insert into SERVICIO (id, IDHORARIO) values (8, 1);
insert into VENTAPRODUCTO (id, TIPO, ESTILO, CAPACIDAD) values (8, 'SUPERMERCADO', 'Duno', 100);
--SUPERMERCADO: MENU--
insert into PRODUCTO (id, NOMBRE, VALOR, CANTIDAD, DURACION,CATEGORIA,IDVENTAPRODUCTO) values (10, 'Arroz',1.3,1,0,'',8);
insert into PRODUCTO (id, NOMBRE, VALOR, CANTIDAD, DURACION,CATEGORIA,IDVENTAPRODUCTO) values (11, 'Lechuga',1.6,1,0,'',8);
insert into PRODUCTO (id, NOMBRE, VALOR, CANTIDAD, DURACION,CATEGORIA,IDVENTAPRODUCTO) values (12, 'Carne',45,5,0,'',8);

--LAVANDERÍA--
insert into SERVICIO (id, IDHORARIO) values (9, 1);
insert into VENTAPRODUCTO (id, TIPO, ESTILO, CAPACIDAD) values (9, 'LAVANDERIA', '', 100);
--LAVANDERÍA: MENU--
insert into PRODUCTO (id, NOMBRE, VALOR, CANTIDAD, DURACION,CATEGORIA,IDVENTAPRODUCTO) values (13, 'Camisas',1,1,0,'',9);
insert into PRODUCTO (id, NOMBRE, VALOR, CANTIDAD, DURACION,CATEGORIA,IDVENTAPRODUCTO) values (14, 'Pantalones',2,1,0,'',9);
insert into PRODUCTO (id, NOMBRE, VALOR, CANTIDAD, DURACION,CATEGORIA,IDVENTAPRODUCTO) values (15, 'Delicado',3,1,0,'',9);

--PRESTAMO--
insert into SERVICIO (id, IDHORARIO) values (10, 1);
insert into VENTAPRODUCTO (id, TIPO, ESTILO, CAPACIDAD) values (10, 'PRESTAMO', '', 0);
--PRESTAMO: MENU--
insert into PRODUCTO (id, NOMBRE, VALOR, CANTIDAD, DURACION,CATEGORIA,IDVENTAPRODUCTO) values (16, 'Toalla',10,1,0,'',10);
insert into PRODUCTO (id, NOMBRE, VALOR, CANTIDAD, DURACION,CATEGORIA,IDVENTAPRODUCTO) values (17, 'Bata',20,1,0,'',10);
insert into PRODUCTO (id, NOMBRE, VALOR, CANTIDAD, DURACION,CATEGORIA,IDVENTAPRODUCTO) values (18, 'Secador',30,1,0,'',10);

--ALQUILERSALONES--
insert into SERVICIO (id, IDHORARIO) values (11, 2);
insert into ALQUILERSALONES (id, TIPO, COSTO, CAPACIDAD) values (11, 'SALON', 50, 12);
insert into SERVICIO (id, IDHORARIO) values (12, 2);
insert into ALQUILERSALONES (id, TIPO, COSTO, CAPACIDAD) values (12, 'CONFERENCIA', 500, 5);

DELETE FROM ALQUILERSALONES;
DELETE FROM DESCUENTO;
DELETE FROM PLANUSO;
DELETE FROM PRODUCTO;
DELETE FROM CAMPOEXTRA;
DELETE FROM VENTAPRODUCTO;
DELETE FROM SERVICIOBASICO;
DELETE FROM SERVICIO;
DELETE FROM HORARIO;

COMMIT;
